gameDuration,gameMode,gameStartTimestamp,assists,baronKills,bountyLevel,champExperience,champLevel,championId,championName,championTransform,consumablesPurchased,damageDealtToBuildings,damageDealtToObjectives,damageDealtToTurrets,damageSelfMitigated,deaths,detectorWardsPlaced,doubleKills,dragonKills,firstBloodAssist,firstBloodKill,firstTowerAssist,firstTowerKill,gameEndedInEarlySurrender,gameEndedInSurrender,goldEarned,goldSpent,individualPosition,inhibitorKills,inhibitorTakedowns,inhibitorsLost,item0,item1,item2,item3,item4,item5,item6,itemsPurchased,killingSprees,kills,lane,largestCriticalStrike,largestKillingSpree,largestMultiKill,longestTimeSpentLiving,magicDamageDealt,magicDamageDealtToChampions,magicDamageTaken,neutralMinionsKilled,nexusKills,nexusLost,nexusTakedowns,objectivesStolen,objectivesStolenAssists,participantId,pentaKills,perks,physicalDamageDealt,physicalDamageDealtToChampions,physicalDamageTaken,profileIcon,puuid,quadraKills,riotIdName,riotIdTagline,role,sightWardsBoughtInGame,spell1Casts,spell2Casts,spell3Casts,spell4Casts,summoner1Casts,summoner1Id,summoner2Casts,summoner2Id,summonerId,summonerLevel,summonerName,teamEarlySurrendered,teamId,teamPosition,timeCCingOthers,timePlayed,totalDamageDealt,totalDamageDealtToChampions,totalDamageShieldedOnTeammates,totalDamageTaken,totalHeal,totalHealsOnTeammates,totalMinionsKilled,totalTimeCCDealt,totalTimeSpentDead,totalUnitsHealed,tripleKills,trueDamageDealt,trueDamageDealtToChampions,trueDamageTaken,turretKills,turretTakedowns,turretsLost,unrealKills,visionScore,visionWardsBoughtInGame,wardsKilled,wardsPlaced,win
1966152,CLASSIC,1629403315758,10,0,5,13029,15,111,Nautilus,0,2,1519,4228,1519,24684,4,0,1,0,False,False,False,False,False,False,10156,8100,UTILITY,0,1.0,0,3860,2031,3047,3068,3075,1033,3364,20,1,6,BOTTOM,0,5,2,416,28820,8422,7118,2,0,0,0.0,0,0,10,0,"{'statPerks': {'defense': 5001, 'flex': 5002, 'offense': 5005}, 'styles': [{'description': 'primaryStyle', 'selections': [{'perk': 8439, 'var1': 1121, 'var2': 0, 'var3': 0}, {'perk': 8401, 'var1': 576, 'var2': 0, 'var3': 0}, {'perk': 8429, 'var1': 63, 'var2': 21, 'var3': 15}, {'perk': 8453, 'var1': 338, 'var2': 592, 'var3': 0}], 'style': 8400}, {'description': 'subStyle', 'selections': [{'perk': 8299, 'var1': 282, 'var2': 0, 'var3': 0}, {'perk': 9111, 'var1': 612, 'var2': 320, 'var3': 0}], 'style': 8000}]}",15051,3755,6977,3582,95xDwQpz_rN6dWpctehzQ-nc9j_w3oTvvkxF5FW56RCMMuaHxzEdKkPoAPuqH4bPD7WnJWJJikdecQ,0,,,SUPPORT,0,34,37,28,9,7,14,6,4,fuyafo-AAcCQWs6nJOJbV7ZCV2vtaziuVrMFM7ZC8DS6OP4,399,jalex141,False,200,UTILITY,62,1958,50107,13051,0,14535,3462,0,48,274,83,1,0,6235,873,439,1,4.0,5,0,40,0,4,18,True
1728911,CLASSIC,1629047073458,17,0,0,12454,14,25,Morgana,0,3,1540,5893,1540,7685,4,0,1,0,True,False,False,False,False,False,10018,9000,UTILITY,1,1.0,0,3853,2421,3020,3165,6653,3191,3364,19,1,6,BOTTOM,0,5,2,1151,53360,15683,7646,4,0,0,0.0,0,0,10,0,"{'statPerks': {'defense': 5001, 'flex': 5008, 'offense': 5007}, 'styles': [{'description': 'primaryStyle', 'selections': [{'perk': 8229, 'var1': 1133, 'var2': 0, 'var3': 0}, {'perk': 8226, 'var1': 250, 'var2': 471, 'var3': 0}, {'perk': 8210, 'var1': 15, 'var2': 0, 'var3': 0}, {'perk': 8236, 'var1': 24, 'var2': 0, 'var3': 0}], 'style': 8200}, {'description': 'subStyle', 'selections': [{'perk': 8009, 'var1': 4976, 'var2': 0, 'var3': 0}, {'perk': 8014, 'var1': 279, 'var2': 0, 'var3': 0}], 'style': 8000}]}",5407,658,9083,3582,95xDwQpz_rN6dWpctehzQ-nc9j_w3oTvvkxF5FW56RCMMuaHxzEdKkPoAPuqH4bPD7WnJWJJikdecQ,0,,,SUPPORT,0,62,79,19,7,6,14,4,4,fuyafo-AAcCQWs6nJOJbV7ZCV2vtaziuVrMFM7ZC8DS6OP4,399,jalex141,False,200,UTILITY,50,1723,59212,16785,515,16730,4251,0,34,78,114,1,0,444,444,0,0,2.0,0,0,39,0,2,19,True
2404409,CLASSIC,1629044262711,16,0,1,17218,17,50,Swain,0,3,3328,6371,3328,26166,10,0,1,0,False,False,False,False,False,False,14976,12950,UTILITY,0,1.0,2,3853,3157,3020,4637,6653,3165,3364,25,4,10,BOTTOM,0,2,2,742,137993,57512,19307,4,0,1,0.0,0,0,5,0,"{'statPerks': {'defense': 5001, 'flex': 5008, 'offense': 5008}, 'styles': [{'description': 'primaryStyle', 'selections': [{'perk': 8112, 'var1': 3386, 'var2': 0, 'var3': 0}, {'perk': 8126, 'var1': 1474, 'var2': 0, 'var3': 0}, {'perk': 8138, 'var1': 30, 'var2': 0, 'var3': 0}, {'perk': 8106, 'var1': 5, 'var2': 0, 'var3': 0}], 'style': 8100}, {'description': 'subStyle', 'selections': [{'perk': 8226, 'var1': 250, 'var2': 1653, 'var3': 0}, {'perk': 8236, 'var1': 48, 'var2': 0, 'var3': 0}], 'style': 8200}]}",9191,1820,24671,3582,95xDwQpz_rN6dWpctehzQ-nc9j_w3oTvvkxF5FW56RCMMuaHxzEdKkPoAPuqH4bPD7WnJWJJikdecQ,0,,,SUPPORT,0,109,77,96,24,9,14,6,4,fuyafo-AAcCQWs6nJOJbV7ZCV2vtaziuVrMFM7ZC8DS6OP4,399,jalex141,False,100,UTILITY,83,2396,150400,62336,0,46252,11769,0,89,389,411,1,0,3215,3004,2273,1,5.0,9,0,37,0,2,17,False
1966318,CLASSIC,1629041965113,18,0,0,13136,15,111,Nautilus,0,2,1405,5470,1405,39491,4,0,0,0,False,False,False,True,False,False,9657,8400,UTILITY,1,1.0,0,3860,2003,3047,3068,3075,1057,3364,17,0,2,BOTTOM,19,0,1,907,27347,8215,6353,0,0,0,1.0,0,0,10,0,"{'statPerks': {'defense': 5001, 'flex': 5002, 'offense': 5008}, 'styles': [{'description': 'primaryStyle', 'selections': [{'perk': 8439, 'var1': 963, 'var2': 0, 'var3': 0}, {'perk': 8401, 'var1': 585, 'var2': 0, 'var3': 0}, {'perk': 8429, 'var1': 63, 'var2': 22, 'var3': 16}, {'perk': 8453, 'var1': 253, 'var2': 638, 'var3': 0}], 'style': 8400}, {'description': 'subStyle', 'selections': [{'perk': 8299, 'var1': 199, 'var2': 0, 'var3': 0}, {'perk': 9111, 'var1': 1370, 'var2': 400, 'var3': 0}], 'style': 8000}]}",13439,2709,10049,3582,95xDwQpz_rN6dWpctehzQ-nc9j_w3oTvvkxF5FW56RCMMuaHxzEdKkPoAPuqH4bPD7WnJWJJikdecQ,0,,,SUPPORT,0,30,37,26,10,6,14,4,4,fuyafo-AAcCQWs6nJOJbV7ZCV2vtaziuVrMFM7ZC8DS6OP4,398,jalex141,False,200,UTILITY,72,1958,48077,11967,0,17404,1931,0,48,287,146,1,0,7290,1042,1001,1,3.0,3,0,46,0,5,22,True
1906310,CLASSIC,1629039701068,13,0,0,10667,13,57,Maokai,0,2,1783,1852,1783,12852,6,0,0,0,False,False,False,False,False,True,8728,8235,UTILITY,0,0.0,2,3853,6653,3020,4637,1052,0,3364,19,0,0,BOTTOM,0,0,0,770,48521,17676,7804,0,0,0,0.0,0,0,5,0,"{'statPerks': {'defense': 5001, 'flex': 5008, 'offense': 5008}, 'styles': [{'description': 'primaryStyle', 'selections': [{'perk': 8128, 'var1': 311, 'var2': 6, 'var3': 0}, {'perk': 8126, 'var1': 479, 'var2': 0, 'var3': 0}, {'perk': 8138, 'var1': 30, 'var2': 0, 'var3': 0}, {'perk': 8106, 'var1': 4, 'var2': 0, 'var3': 0}], 'style': 8100}, {'description': 'subStyle', 'selections': [{'perk': 8226, 'var1': 250, 'var2': 782, 'var3': 0}, {'perk': 8237, 'var1': 645, 'var2': 0, 'var3': 0}], 'style': 8200}]}",7716,877,16305,3582,95xDwQpz_rN6dWpctehzQ-nc9j_w3oTvvkxF5FW56RCMMuaHxzEdKkPoAPuqH4bPD7WnJWJJikdecQ,0,,,SUPPORT,0,33,16,86,15,3,14,4,4,fuyafo-AAcCQWs6nJOJbV7ZCV2vtaziuVrMFM7ZC8DS6OP4,398,jalex141,False,100,UTILITY,57,1898,57017,19334,0,24333,6974,0,43,322,176,1,0,780,780,222,0,3.0,9,0,36,0,2,18,False
1729970,CLASSIC,1629037639665,14,0,1,11939,14,57,Maokai,0,2,4896,7555,4896,24119,3,0,0,0,False,False,True,False,False,False,10180,8900,UTILITY,0,0.0,0,3860,3742,3068,3047,3076,1028,3364,18,1,3,BOTTOM,1,2,1,901,43803,11942,8057,4,0,0,0.0,0,0,10,0,"{'statPerks': {'defense': 5001, 'flex': 5002, 'offense': 5005}, 'styles': [{'description': 'primaryStyle', 'selections': [{'perk': 8439, 'var1': 834, 'var2': 0, 'var3': 0}, {'perk': 8446, 'var1': 2510, 'var2': 0, 'var3': 0}, {'perk': 8429, 'var1': 58, 'var2': 21, 'var3': 13}, {'perk': 8453, 'var1': 995, 'var2': 0, 'var3': 0}], 'style': 8400}, {'description': 'subStyle', 'selections': [{'perk': 8299, 'var1': 353, 'var2': 0, 'var3': 0}, {'perk': 9111, 'var1': 981, 'var2': 340, 'var3': 0}], 'style': 8000}]}",17478,2896,13426,3582,95xDwQpz_rN6dWpctehzQ-nc9j_w3oTvvkxF5FW56RCMMuaHxzEdKkPoAPuqH4bPD7WnJWJJikdecQ,0,,,SUPPORT,0,51,24,52,10,6,14,4,4,fuyafo-AAcCQWs6nJOJbV7ZCV2vtaziuVrMFM7ZC8DS6OP4,398,jalex141,False,200,UTILITY,60,1722,75920,15505,0,22543,9168,0,60,251,87,1,0,14638,666,1059,2,5.0,3,0,35,0,5,15,True
1488261,CLASSIC,1618565533914,4,0,0,7993,11,236,Lucian,0,1,1055,2181,1055,4892,8,0,0,0,True,False,False,False,False,False,7435,6900,BOTTOM,0,,1,1055,2003,3006,6672,1053,1043,3340,14,0,2,BOTTOM,355,0,1,521,1546,671,8284,0,0,1,,0,0,9,0,"{'statPerks': {'defense': 5001, 'flex': 5008, 'offense': 5005}, 'styles': [{'description': 'primaryStyle', 'selections': [{'perk': 8005, 'var1': 782, 'var2': 581, 'var3': 201}, {'perk': 9111, 'var1': 225, 'var2': 120, 'var3': 0}, {'perk': 9104, 'var1': 16, 'var2': 20, 'var3': 0}, {'perk': 8014, 'var1': 207, 'var2': 0, 'var3': 0}], 'style': 8000}, {'description': 'subStyle', 'selections': [{'perk': 8233, 'var1': 15, 'var2': 0, 'var3': 0}, {'perk': 8236, 'var1': 14, 'var2': 0, 'var3': 0}], 'style': 8200}]}",74130,9105,7352,3582,95xDwQpz_rN6dWpctehzQ-nc9j_w3oTvvkxF5FW56RCMMuaHxzEdKkPoAPuqH4bPD7WnJWJJikdecQ,0,,,CARRY,0,39,20,25,7,4,14,4,4,fuyafo-AAcCQWs6nJOJbV7ZCV2vtaziuVrMFM7ZC8DS6OP4,391,jalex141,False,200,BOTTOM,0,1488,84100,10732,0,15930,883,0,134,1,218,1,0,8423,955,293,0,,8,0,5,0,1,4,False
1425908,CLASSIC,1618339324315,6,0,0,7234,10,12,Alistar,0,2,669,807,669,16831,4,0,0,0,False,False,False,False,False,False,6676,6000,UTILITY,0,,1,3860,3076,3047,3068,1028,0,3364,15,1,2,BOTTOM,0,2,1,542,14513,4116,3103,0,0,1,,0,0,5,0,"{'statPerks': {'defense': 5001, 'flex': 5002, 'offense': 5005}, 'styles': [{'description': 'primaryStyle', 'selections': [{'perk': 8439, 'var1': 606, 'var2': 0, 'var3': 0}, {'perk': 8446, 'var1': 591, 'var2': 0, 'var3': 0}, {'perk': 8429, 'var1': 49, 'var2': 18, 'var3': 13}, {'perk': 8453, 'var1': 767, 'var2': 0, 'var3': 0}], 'style': 8400}, {'description': 'subStyle', 'selections': [{'perk': 9105, 'var1': 19, 'var2': 10, 'var3': 0}, {'perk': 9111, 'var1': 649, 'var2': 160, 'var3': 0}], 'style': 8000}]}",7431,899,10441,3582,95xDwQpz_rN6dWpctehzQ-nc9j_w3oTvvkxF5FW56RCMMuaHxzEdKkPoAPuqH4bPD7WnJWJJikdecQ,0,,,SUPPORT,0,25,20,18,6,3,14,3,4,fuyafo-AAcCQWs6nJOJbV7ZCV2vtaziuVrMFM7ZC8DS6OP4,389,jalex141,False,100,UTILITY,29,1425,30628,5461,0,14155,7135,3887,40,84,69,5,0,8683,446,609,0,,9,0,22,0,4,9,False
1641261,CLASSIC,1618309975820,11,0,0,10610,13,22,Ashe,0,1,184,184,184,8481,12,0,0,0,False,False,False,False,False,True,9042,7475,BOTTOM,0,,3,1055,6672,1043,3006,1053,1037,3340,18,0,3,BOTTOM,222,0,1,298,2025,986,7082,0,0,0,,0,0,9,0,"{'statPerks': {'defense': 5001, 'flex': 5008, 'offense': 5005}, 'styles': [{'description': 'primaryStyle', 'selections': [{'perk': 8351, 'var1': 26, 'var2': 0, 'var3': 0}, {'perk': 8304, 'var1': 9, 'var2': 4, 'var3': 5}, {'perk': 8345, 'var1': 3, 'var2': 0, 'var3': 0}, {'perk': 8410, 'var1': 127, 'var2': 0, 'var3': 0}], 'style': 8300}, {'description': 'subStyle', 'selections': [{'perk': 9104, 'var1': 17, 'var2': 20, 'var3': 0}, {'perk': 8017, 'var1': 548, 'var2': 0, 'var3': 0}], 'style': 8000}]}",61879,10258,15231,3582,95xDwQpz_rN6dWpctehzQ-nc9j_w3oTvvkxF5FW56RCMMuaHxzEdKkPoAPuqH4bPD7WnJWJJikdecQ,0,,,CARRY,0,13,49,13,9,5,7,4,4,fuyafo-AAcCQWs6nJOJbV7ZCV2vtaziuVrMFM7ZC8DS6OP4,389,jalex141,False,200,BOTTOM,36,1641,83049,11983,0,23288,2857,783,106,602,292,3,0,19144,737,974,0,,11,0,9,0,1,4,False
2554436,CLASSIC,1618263660289,13,0,0,15348,16,57,Maokai,0,2,463,4838,463,22820,14,0,0,0,False,False,False,False,False,False,11168,10500,UTILITY,0,,2,3853,3157,3020,3165,6653,1028,3364,23,0,3,BOTTOM,0,0,1,504,61969,25500,15557,0,0,1,,0,0,10,0,"{'statPerks': {'defense': 5001, 'flex': 5008, 'offense': 5007}, 'styles': [{'description': 'primaryStyle', 'selections': [{'perk': 8229, 'var1': 2886, 'var2': 0, 'var3': 0}, {'perk': 8226, 'var1': 250, 'var2': 1133, 'var3': 0}, {'perk': 8210, 'var1': 14, 'var2': 0, 'var3': 0}, {'perk': 8236, 'var1': 80, 'var2': 0, 'var3': 0}], 'style': 8200}, {'description': 'subStyle', 'selections': [{'perk': 8126, 'var1': 1239, 'var2': 0, 'var3': 0}, {'perk': 8106, 'var1': 5, 'var2': 0, 'var3': 0}], 'style': 8100}]}",6166,964,22972,3582,95xDwQpz_rN6dWpctehzQ-nc9j_w3oTvvkxF5FW56RCMMuaHxzEdKkPoAPuqH4bPD7WnJWJJikdecQ,0,,,SUPPORT,0,46,26,124,18,8,14,5,4,fuyafo-AAcCQWs6nJOJbV7ZCV2vtaziuVrMFM7ZC8DS6OP4,388,jalex141,False,200,UTILITY,84,2554,70148,28477,0,39170,9374,0,44,423,467,1,0,2012,2012,640,0,,11,0,36,0,3,13,False
1622835,CLASSIC,1618261564040,9,0,0,8165,11,12,Alistar,0,2,1105,1105,1105,28661,7,0,0,0,False,False,False,False,False,False,7633,7100,UTILITY,0,,1,3860,3047,3109,3068,0,0,3364,18,0,2,BOTTOM,0,0,1,521,15108,5010,14037,0,0,1,,0,0,5,0,"{'statPerks': {'defense': 5001, 'flex': 5002, 'offense': 5005}, 'styles': [{'description': 'primaryStyle', 'selections': [{'perk': 8439, 'var1': 469, 'var2': 0, 'var3': 0}, {'perk': 8446, 'var1': 862, 'var2': 0, 'var3': 0}, {'perk': 8429, 'var1': 55, 'var2': 16, 'var3': 13}, {'perk': 8453, 'var1': 1128, 'var2': 0, 'var3': 0}], 'style': 8400}, {'description': 'subStyle', 'selections': [{'perk': 9105, 'var1': 21, 'var2': 40, 'var3': 0}, {'perk': 9111, 'var1': 1200, 'var2': 220, 'var3': 0}], 'style': 8000}]}",6589,1299,13223,3582,95xDwQpz_rN6dWpctehzQ-nc9j_w3oTvvkxF5FW56RCMMuaHxzEdKkPoAPuqH4bPD7WnJWJJikdecQ,0,,,SUPPORT,0,31,22,18,6,5,14,4,4,fuyafo-AAcCQWs6nJOJbV7ZCV2vtaziuVrMFM7ZC8DS6OP4,388,jalex141,False,100,UTILITY,32,1622,27179,6929,0,29227,7278,2959,34,77,165,5,0,5481,620,1966,0,,9,0,37,0,0,20,False
1388832,CLASSIC,1618076876928,11,0,1,7900,11,57,Maokai,0,2,556,991,556,5865,4,0,0,0,False,False,False,False,False,False,6990,5800,UTILITY,0,,0,3853,2003,6653,3020,3916,0,3364,15,0,2,BOTTOM,0,0,1,669,27704,16206,3527,0,0,0,,0,0,10,0,"{'statPerks': {'defense': 5001, 'flex': 5008, 'offense': 5007}, 'styles': [{'description': 'primaryStyle', 'selections': [{'perk': 8229, 'var1': 1583, 'var2': 0, 'var3': 0}, {'perk': 8226, 'var1': 250, 'var2': 648, 'var3': 0}, {'perk': 8210, 'var1': 1, 'var2': 0, 'var3': 0}, {'perk': 8236, 'var1': 24, 'var2': 0, 'var3': 0}], 'style': 8200}, {'description': 'subStyle', 'selections': [{'perk': 8453, 'var1': 254, 'var2': 0, 'var3': 0}, {'perk': 8473, 'var1': 317, 'var2': 0, 'var3': 0}], 'style': 8400}]}",3203,778,8002,3582,95xDwQpz_rN6dWpctehzQ-nc9j_w3oTvvkxF5FW56RCMMuaHxzEdKkPoAPuqH4bPD7WnJWJJikdecQ,0,,,SUPPORT,0,16,13,83,9,4,14,2,4,fuyafo-AAcCQWs6nJOJbV7ZCV2vtaziuVrMFM7ZC8DS6OP4,388,jalex141,False,200,UTILITY,61,1388,31297,17375,0,11607,2327,0,16,284,105,1,0,390,390,78,0,,1,0,16,0,5,6,True
1481679,CLASSIC,1618075116649,7,0,0,8005,11,50,Swain,0,2,1987,5901,1987,5103,6,0,0,0,False,False,False,False,False,False,6578,4850,UTILITY,0,,0,3853,2420,6653,1001,0,0,3364,12,0,0,BOTTOM,0,0,0,367,32768,5412,2528,0,1,0,,0,0,5,0,"{'statPerks': {'defense': 5001, 'flex': 5003, 'offense': 5005}, 'styles': [{'description': 'primaryStyle', 'selections': [{'perk': 8439, 'var1': 110, 'var2': 0, 'var3': 0}, {'perk': 8401, 'var1': 0, 'var2': 0, 'var3': 0}, {'perk': 8429, 'var1': 51, 'var2': 12, 'var3': 12}, {'perk': 8453, 'var1': 178, 'var2': 0, 'var3': 0}], 'style': 8400}, {'description': 'subStyle', 'selections': [{'perk': 9111, 'var1': 117, 'var2': 140, 'var3': 0}, {'perk': 8299, 'var1': 176, 'var2': 0, 'var3': 0}], 'style': 8000}]}",5368,508,7419,3582,95xDwQpz_rN6dWpctehzQ-nc9j_w3oTvvkxF5FW56RCMMuaHxzEdKkPoAPuqH4bPD7WnJWJJikdecQ,0,,,SUPPORT,0,50,38,40,9,4,14,1,4,fuyafo-AAcCQWs6nJOJbV7ZCV2vtaziuVrMFM7ZC8DS6OP4,388,jalex141,False,100,UTILITY,18,1481,41546,6445,0,10030,1275,0,31,127,122,1,0,3409,524,82,1,,1,0,28,0,1,13,True
1801253,CLASSIC,1618072919925,3,0,0,9120,12,111,Nautilus,0,2,66,1013,66,33861,5,0,0,0,False,False,False,False,False,False,7003,6600,UTILITY,0,,1,3860,3068,3111,1057,1011,0,3364,16,1,2,BOTTOM,0,2,1,1206,25360,8105,11450,0,0,1,,0,0,5,0,"{'statPerks': {'defense': 5001, 'flex': 5003, 'offense': 5005}, 'styles': [{'description': 'primaryStyle', 'selections': [{'perk': 8439, 'var1': 712, 'var2': 0, 'var3': 0}, {'perk': 8401, 'var1': 604, 'var2': 0, 'var3': 0}, {'perk': 8429, 'var1': 60, 'var2': 15, 'var3': 17}, {'perk': 8453, 'var1': 187, 'var2': 504, 'var3': 0}], 'style': 8400}, {'description': 'subStyle', 'selections': [{'perk': 9111, 'var1': 60, 'var2': 100, 'var3': 0}, {'perk': 8299, 'var1': 181, 'var2': 0, 'var3': 0}], 'style': 8000}]}",14809,2945,5449,3582,95xDwQpz_rN6dWpctehzQ-nc9j_w3oTvvkxF5FW56RCMMuaHxzEdKkPoAPuqH4bPD7WnJWJJikdecQ,0,,,SUPPORT,0,37,34,34,7,7,14,4,4,fuyafo-AAcCQWs6nJOJbV7ZCV2vtaziuVrMFM7ZC8DS6OP4,388,jalex141,False,100,UTILITY,55,1801,48604,12172,0,17777,600,0,50,318,148,1,0,8435,1122,878,0,,7,0,42,0,1,18,False
1889173,CLASSIC,1617965710535,14,0,8,15838,16,57,Maokai,0,2,4212,14006,4212,34134,2,0,2,2,False,False,True,False,False,True,14347,11200,UTILITY,0,,0,3860,3065,3047,3075,3068,3066,3364,23,3,12,BOTTOM,28,8,2,459,68741,16604,5380,8,0,0,,0,0,10,0,"{'statPerks': {'defense': 5001, 'flex': 5002, 'offense': 5008}, 'styles': [{'description': 'primaryStyle', 'selections': [{'perk': 8439, 'var1': 1272, 'var2': 0, 'var3': 0}, {'perk': 8446, 'var1': 1945, 'var2': 0, 'var3': 0}, {'perk': 8429, 'var1': 61, 'var2': 21, 'var3': 15}, {'perk': 8453, 'var1': 1298, 'var2': 0, 'var3': 0}], 'style': 8400}, {'description': 'subStyle', 'selections': [{'perk': 9111, 'var1': 2171, 'var2': 520, 'var3': 0}, {'perk': 8299, 'var1': 384, 'var2': 0, 'var3': 0}], 'style': 8000}]}",19964,3088,16156,3582,95xDwQpz_rN6dWpctehzQ-nc9j_w3oTvvkxF5FW56RCMMuaHxzEdKkPoAPuqH4bPD7WnJWJJikdecQ,0,,,SUPPORT,0,67,32,47,9,7,14,3,4,fuyafo-AAcCQWs6nJOJbV7ZCV2vtaziuVrMFM7ZC8DS6OP4,387,jalex141,False,200,UTILITY,77,1889,97906,21200,0,26575,15717,0,80,404,35,1,0,9201,1507,5038,2,,3,0,38,0,6,15,True
2050478,CLASSIC,1617821223356,11,0,3,18800,18,875,Sett,0,1,9548,16156,9548,33666,4,0,0,0,False,False,False,False,False,False,13019,12450,TOP,0,,1,6631,3111,1054,3742,3053,1033,3340,19,2,5,TOP,0,3,1,1227,2532,261,9572,10,0,0,,0,0,6,0,"{'statPerks': {'defense': 5001, 'flex': 5002, 'offense': 5005}, 'styles': [{'description': 'primaryStyle', 'selections': [{'perk': 8010, 'var1': 13, 'var2': 0, 'var3': 0}, {'perk': 9111, 'var1': 1894, 'var2': 320, 'var3': 0}, {'perk': 9103, 'var1': 29, 'var2': 0, 'var3': 0}, {'perk': 8299, 'var1': 409, 'var2': 0, 'var3': 0}], 'style': 8000}, {'description': 'subStyle', 'selections': [{'perk': 8453, 'var1': 721, 'var2': 953, 'var3': 0}, {'perk': 8473, 'var1': 1153, 'var2': 0, 'var3': 0}], 'style': 8400}]}",124327,10250,21328,3582,95xDwQpz_rN6dWpctehzQ-nc9j_w3oTvvkxF5FW56RCMMuaHxzEdKkPoAPuqH4bPD7WnJWJJikdecQ,0,,,SOLO,0,82,23,52,11,3,12,4,4,fuyafo-AAcCQWs6nJOJbV7ZCV2vtaziuVrMFM7ZC8DS6OP4,387,jalex141,False,200,TOP,25,2050,146521,12746,0,31800,3581,0,178,248,183,1,0,19662,2233,899,4,,4,0,18,0,0,10,True
2396150,CLASSIC,1617734253478,25,0,1,18761,18,111,Nautilus,0,2,929,3135,929,73995,7,0,0,0,True,False,False,False,False,False,14902,13500,UTILITY,1,,1,3860,3193,3047,3068,3075,3001,3364,24,2,8,BOTTOM,31,3,1,495,60625,18092,7620,0,0,0,,0,0,5,0,"{'statPerks': {'defense': 5001, 'flex': 5002, 'offense': 5005}, 'styles': [{'description': 'primaryStyle', 'selections': [{'perk': 8439, 'var1': 1479, 'var2': 0, 'var3': 0}, {'perk': 8401, 'var1': 1029, 'var2': 0, 'var3': 0}, {'perk': 8429, 'var1': 69, 'var2': 26, 'var3': 20}, {'perk': 8451, 'var1': 253, 'var2': 0, 'var3': 0}], 'style': 8400}, {'description': 'subStyle', 'selections': [{'perk': 9105, 'var1': 12, 'var2': 40, 'var3': 0}, {'perk': 9111, 'var1': 2535, 'var2': 660, 'var3': 0}], 'style': 8000}]}",25969,5019,20151,3582,95xDwQpz_rN6dWpctehzQ-nc9j_w3oTvvkxF5FW56RCMMuaHxzEdKkPoAPuqH4bPD7WnJWJJikdecQ,0,,,SUPPORT,0,45,48,52,19,10,14,6,4,fuyafo-AAcCQWs6nJOJbV7ZCV2vtaziuVrMFM7ZC8DS6OP4,386,jalex141,False,100,UTILITY,107,2396,110303,24692,0,29288,3779,0,76,510,253,1,0,23709,1580,1516,0,,11,0,62,0,8,27,True
1651730,CLASSIC,1617464608888,6,0,0,9694,12,111,Nautilus,0,3,72,132,72,36451,7,0,0,0,False,False,False,False,False,False,7485,6550,UTILITY,0,,2,3860,3068,3047,3076,1011,0,3364,18,0,3,MIDDLE,19,0,1,756,20912,8275,5604,0,0,1,,0,0,5,0,"{'statPerks': {'defense': 5001, 'flex': 5002, 'offense': 5005}, 'styles': [{'description': 'primaryStyle', 'selections': [{'perk': 8439, 'var1': 1130, 'var2': 0, 'var3': 0}, {'perk': 8401, 'var1': 594, 'var2': 0, 'var3': 0}, {'perk': 8429, 'var1': 56, 'var2': 19, 'var3': 13}, {'perk': 8453, 'var1': 209, 'var2': 530, 'var3': 0}], 'style': 8400}, {'description': 'subStyle', 'selections': [{'perk': 9111, 'var1': 561, 'var2': 180, 'var3': 0}, {'perk': 8299, 'var1': 346, 'var2': 0, 'var3': 0}], 'style': 8000}]}",13004,3278,13354,3582,95xDwQpz_rN6dWpctehzQ-nc9j_w3oTvvkxF5FW56RCMMuaHxzEdKkPoAPuqH4bPD7WnJWJJikdecQ,0,,,SUPPORT,0,25,29,24,10,6,14,4,4,fuyafo-AAcCQWs6nJOJbV7ZCV2vtaziuVrMFM7ZC8DS6OP4,385,jalex141,False,100,UTILITY,64,1651,40324,12323,0,19915,578,0,44,269,224,1,0,6407,769,956,0,,10,0,35,0,3,14,False
2331277,CLASSIC,1617311724795,17,0,2,16984,17,57,Maokai,0,3,1471,6241,1471,18385,9,0,0,0,False,False,False,False,False,False,11550,9400,UTILITY,0,,0,3853,3157,6653,1011,3020,1026,3364,20,1,3,BOTTOM,0,2,1,661,90654,27700,12236,0,0,0,,0,0,2,0,"{'statPerks': {'defense': 5001, 'flex': 5008, 'offense': 5007}, 'styles': [{'description': 'primaryStyle', 'selections': [{'perk': 8229, 'var1': 2649, 'var2': 0, 'var3': 0}, {'perk': 8226, 'var1': 250, 'var2': 1122, 'var3': 0}, {'perk': 8210, 'var1': 12, 'var2': 0, 'var3': 0}, {'perk': 8236, 'var1': 48, 'var2': 0, 'var3': 0}], 'style': 8200}, {'description': 'subStyle', 'selections': [{'perk': 8473, 'var1': 1512, 'var2': 0, 'var3': 0}, {'perk': 8453, 'var1': 613, 'var2': 0, 'var3': 0}], 'style': 8400}]}",8395,821,17685,3582,95xDwQpz_rN6dWpctehzQ-nc9j_w3oTvvkxF5FW56RCMMuaHxzEdKkPoAPuqH4bPD7WnJWJJikdecQ,0,,,SUPPORT,0,43,23,126,17,5,14,4,4,fuyafo-AAcCQWs6nJOJbV7ZCV2vtaziuVrMFM7ZC8DS6OP4,385,jalex141,False,100,UTILITY,95,2331,99572,29043,0,30176,8011,0,63,506,322,1,0,522,522,254,1,,6,0,53,0,11,18,True
1341984,CLASSIC,1617304410433,10,0,1,7601,11,50,Swain,0,3,675,3129,675,7278,7,0,2,0,False,False,True,False,False,True,9081,8850,UTILITY,0,,0,3853,3157,6653,3020,3916,1028,3364,19,2,9,BOTTOM,0,2,2,337,41454,17325,8410,0,0,0,,0,0,10,0,"{'statPerks': {'defense': 5001, 'flex': 5008, 'offense': 5007}, 'styles': [{'description': 'primaryStyle', 'selections': [{'perk': 8112, 'var1': 1192, 'var2': 0, 'var3': 0}, {'perk': 8126, 'var1': 427, 'var2': 0, 'var3': 0}, {'perk': 8138, 'var1': 30, 'var2': 0, 'var3': 0}, {'perk': 8135, 'var1': 860, 'var2': 5, 'var3': 0}], 'style': 8100}, {'description': 'subStyle', 'selections': [{'perk': 8226, 'var1': 250, 'var2': 568, 'var3': 0}, {'perk': 8236, 'var1': 24, 'var2': 0, 'var3': 0}], 'style': 8200}]}",3480,1296,8329,3582,95xDwQpz_rN6dWpctehzQ-nc9j_w3oTvvkxF5FW56RCMMuaHxzEdKkPoAPuqH4bPD7WnJWJJikdecQ,0,,,SUPPORT,0,48,40,60,14,5,14,4,4,fuyafo-AAcCQWs6nJOJbV7ZCV2vtaziuVrMFM7ZC8DS6OP4,384,jalex141,False,200,UTILITY,41,1341,45986,19674,0,17815,4131,0,25,165,170,1,0,1052,1052,1075,0,,2,0,35,0,3,15,True
1714038,CLASSIC,1617302268164,10,0,0,10496,13,113,Sejuani,0,0,715,20420,715,25382,7,0,0,1,False,False,False,False,False,False,8549,6500,JUNGLE,0,,0,3068,2031,3111,3076,1011,0,3340,16,0,0,JUNGLE,12,0,0,555,51645,5005,8331,101,0,0,,0,0,2,0,"{'statPerks': {'defense': 5001, 'flex': 5002, 'offense': 5005}, 'styles': [{'description': 'primaryStyle', 'selections': [{'perk': 8124, 'var1': 90, 'var2': 0, 'var3': 0}, {'perk': 8126, 'var1': 341, 'var2': 0, 'var3': 0}, {'perk': 8138, 'var1': 30, 'var2': 0, 'var3': 0}, {'perk': 8105, 'var1': 13, 'var2': 5, 'var3': 0}], 'style': 8100}, {'description': 'subStyle', 'selections': [{'perk': 8451, 'var1': 143, 'var2': 0, 'var3': 0}, {'perk': 8446, 'var1': 496, 'var2': 0, 'var3': 0}], 'style': 8400}]}",50475,3332,19302,3582,95xDwQpz_rN6dWpctehzQ-nc9j_w3oTvvkxF5FW56RCMMuaHxzEdKkPoAPuqH4bPD7WnJWJJikdecQ,0,,,NONE,0,61,85,60,6,18,11,4,4,fuyafo-AAcCQWs6nJOJbV7ZCV2vtaziuVrMFM7ZC8DS6OP4,384,jalex141,False,100,JUNGLE,23,1713,116606,9674,0,29162,8859,0,14,384,119,1,0,14485,1337,1528,1,,1,0,17,0,0,8,True
1535850,CLASSIC,1617289534099,5,0,0,7511,11,57,Maokai,0,2,1533,1713,1533,19091,7,0,0,0,False,False,False,False,False,True,6207,6050,UTILITY,0,,0,3859,3211,3111,3068,0,0,3364,17,0,2,BOTTOM,0,0,1,427,20141,6943,5969,0,0,0,,0,0,5,0,"{'statPerks': {'defense': 5001, 'flex': 5002, 'offense': 5005}, 'styles': [{'description': 'primaryStyle', 'selections': [{'perk': 8439, 'var1': 353, 'var2': 0, 'var3': 0}, {'perk': 8446, 'var1': 916, 'var2': 0, 'var3': 0}, {'perk': 8429, 'var1': 53, 'var2': 15, 'var3': 15}, {'perk': 8453, 'var1': 384, 'var2': 0, 'var3': 0}], 'style': 8400}, {'description': 'subStyle', 'selections': [{'perk': 9111, 'var1': 376, 'var2': 140, 'var3': 0}, {'perk': 8299, 'var1': 338, 'var2': 0, 'var3': 0}], 'style': 8000}]}",7286,1791,12546,3582,95xDwQpz_rN6dWpctehzQ-nc9j_w3oTvvkxF5FW56RCMMuaHxzEdKkPoAPuqH4bPD7WnJWJJikdecQ,0,,,SUPPORT,0,22,17,47,6,5,14,3,4,fuyafo-AAcCQWs6nJOJbV7ZCV2vtaziuVrMFM7ZC8DS6OP4,384,jalex141,False,100,UTILITY,53,1535,32799,9148,0,19231,3409,0,34,262,183,1,0,5371,414,716,0,,6,0,27,0,2,12,False
1834646,CLASSIC,1617052918443,15,0,1,12457,14,57,Maokai,0,2,562,3806,562,9320,4,0,0,1,False,False,False,False,False,False,9792,9050,UTILITY,0,,0,3853,2420,6653,3165,3020,3108,3364,18,1,5,BOTTOM,0,2,1,787,54690,22572,5722,4,0,0,,0,0,10,0,"{'statPerks': {'defense': 5001, 'flex': 5008, 'offense': 5007}, 'styles': [{'description': 'primaryStyle', 'selections': [{'perk': 8229, 'var1': 1975, 'var2': 0, 'var3': 0}, {'perk': 8226, 'var1': 250, 'var2': 985, 'var3': 0}, {'perk': 8210, 'var1': 15, 'var2': 0, 'var3': 0}, {'perk': 8236, 'var1': 48, 'var2': 0, 'var3': 0}], 'style': 8200}, {'description': 'subStyle', 'selections': [{'perk': 8126, 'var1': 697, 'var2': 0, 'var3': 0}, {'perk': 8135, 'var1': 1370, 'var2': 5, 'var3': 0}], 'style': 8100}]}",5524,647,12223,3582,95xDwQpz_rN6dWpctehzQ-nc9j_w3oTvvkxF5FW56RCMMuaHxzEdKkPoAPuqH4bPD7WnJWJJikdecQ,0,,,SUPPORT,0,19,12,105,14,6,14,3,4,fuyafo-AAcCQWs6nJOJbV7ZCV2vtaziuVrMFM7ZC8DS6OP4,383,jalex141,False,200,UTILITY,72,1834,61842,24846,0,18194,4428,0,22,409,139,1,0,1627,1627,248,0,,2,0,48,0,5,18,True
2767633,CLASSIC,1616613323084,13,0,0,20155,18,99,Lux,0,3,981,7054,981,17334,10,0,0,1,False,False,False,False,False,False,15533,13750,UTILITY,0,,1,3853,3157,6655,3020,3165,3089,3364,21,2,10,BOTTOM,0,4,1,433,157459,38327,9276,4,0,1,,0,0,10,0,"{'statPerks': {'defense': 5001, 'flex': 5008, 'offense': 5007}, 'styles': [{'description': 'primaryStyle', 'selections': [{'perk': 8229, 'var1': 3806, 'var2': 0, 'var3': 0}, {'perk': 8226, 'var1': 250, 'var2': 1297, 'var3': 0}, {'perk': 8210, 'var1': 20, 'var2': 0, 'var3': 0}, {'perk': 8236, 'var1': 80, 'var2': 0, 'var3': 0}], 'style': 8200}, {'description': 'subStyle', 'selections': [{'perk': 8126, 'var1': 1281, 'var2': 0, 'var3': 0}, {'perk': 8135, 'var1': 1880, 'var2': 5, 'var3': 0}], 'style': 8100}]}",9365,654,15987,3582,95xDwQpz_rN6dWpctehzQ-nc9j_w3oTvvkxF5FW56RCMMuaHxzEdKkPoAPuqH4bPD7WnJWJJikdecQ,0,,,SUPPORT,0,118,53,238,31,5,14,6,4,fuyafo-AAcCQWs6nJOJbV7ZCV2vtaziuVrMFM7ZC8DS6OP4,380,jalex141,False,200,UTILITY,71,2767,168891,40808,2740,27193,2791,0,112,536,319,1,0,2066,1826,1929,0,,8,0,91,0,7,40,False
2119974,CLASSIC,1616610887931,13,0,1,14499,15,78,Poppy,0,2,1952,2256,1952,38789,7,0,0,0,False,False,False,False,False,False,9925,8200,UTILITY,0,,2,3857,3075,3047,6662,3066,1029,3364,23,0,4,BOTTOM,28,0,1,613,26171,6342,14155,0,0,1,,0,0,5,0,"{'statPerks': {'defense': 5001, 'flex': 5002, 'offense': 5005}, 'styles': [{'description': 'primaryStyle', 'selections': [{'perk': 8439, 'var1': 1823, 'var2': 0, 'var3': 0}, {'perk': 8446, 'var1': 996, 'var2': 0, 'var3': 0}, {'perk': 8429, 'var1': 66, 'var2': 22, 'var3': 13}, {'perk': 8451, 'var1': 233, 'var2': 0, 'var3': 0}], 'style': 8400}, {'description': 'subStyle', 'selections': [{'perk': 9111, 'var1': 1633, 'var2': 340, 'var3': 0}, {'perk': 8299, 'var1': 534, 'var2': 0, 'var3': 0}], 'style': 8000}]}",36928,11045,11945,3582,95xDwQpz_rN6dWpctehzQ-nc9j_w3oTvvkxF5FW56RCMMuaHxzEdKkPoAPuqH4bPD7WnJWJJikdecQ,0,,,SUPPORT,0,54,33,31,12,6,14,3,4,fuyafo-AAcCQWs6nJOJbV7ZCV2vtaziuVrMFM7ZC8DS6OP4,380,jalex141,False,100,UTILITY,48,2119,70439,18221,0,29204,5748,0,60,770,200,1,0,7339,834,3103,1,,10,0,45,0,2,18,False
1275533,CLASSIC,1616609323680,7,0,2,7428,11,57,Maokai,0,2,1935,2958,1935,7912,0,0,0,0,False,False,False,False,False,True,6168,6000,UTILITY,0,,0,3860,2003,3047,3068,3076,1028,3364,13,1,2,JUNGLE,0,2,1,0,12422,5684,1598,5,0,0,,0,0,10,0,"{'statPerks': {'defense': 5001, 'flex': 5002, 'offense': 5005}, 'styles': [{'description': 'primaryStyle', 'selections': [{'perk': 8439, 'var1': 389, 'var2': 0, 'var3': 0}, {'perk': 8446, 'var1': 1269, 'var2': 0, 'var3': 0}, {'perk': 8429, 'var1': 43, 'var2': 18, 'var3': 13}, {'perk': 8451, 'var1': 151, 'var2': 0, 'var3': 0}], 'style': 8400}, {'description': 'subStyle', 'selections': [{'perk': 9111, 'var1': 574, 'var2': 180, 'var3': 0}, {'perk': 8299, 'var1': 48, 'var2': 0, 'var3': 0}], 'style': 8000}]}",7205,962,7169,3582,95xDwQpz_rN6dWpctehzQ-nc9j_w3oTvvkxF5FW56RCMMuaHxzEdKkPoAPuqH4bPD7WnJWJJikdecQ,0,,,NONE,0,9,8,53,6,4,14,2,4,fuyafo-AAcCQWs6nJOJbV7ZCV2vtaziuVrMFM7ZC8DS6OP4,380,jalex141,False,200,UTILITY,31,1275,29034,7217,0,8851,3871,0,37,155,0,1,0,9406,570,83,1,,0,0,28,0,7,9,True
2482075,CLASSIC,1616539388145,26,0,4,18433,18,111,Nautilus,0,2,1136,2853,1136,64609,7,0,0,0,False,False,False,False,False,False,14018,11700,UTILITY,1,,0,3860,3068,3111,3075,3001,3105,3364,21,1,5,BOTTOM,0,4,1,386,39654,17236,9739,2,0,0,,0,0,5,0,"{'statPerks': {'defense': 5001, 'flex': 5002, 'offense': 5005}, 'styles': [{'description': 'primaryStyle', 'selections': [{'perk': 8439, 'var1': 1858, 'var2': 0, 'var3': 0}, {'perk': 8401, 'var1': 983, 'var2': 0, 'var3': 0}, {'perk': 8429, 'var1': 70, 'var2': 21, 'var3': 19}, {'perk': 8453, 'var1': 1065, 'var2': 923, 'var3': 0}], 'style': 8400}, {'description': 'subStyle', 'selections': [{'perk': 9111, 'var1': 3362, 'var2': 620, 'var3': 0}, {'perk': 8299, 'var1': 646, 'var2': 0, 'var3': 0}], 'style': 8000}]}",20098,5795,19703,3582,95xDwQpz_rN6dWpctehzQ-nc9j_w3oTvvkxF5FW56RCMMuaHxzEdKkPoAPuqH4bPD7WnJWJJikdecQ,0,,,SUPPORT,0,36,42,38,19,6,14,5,4,fuyafo-AAcCQWs6nJOJbV7ZCV2vtaziuVrMFM7ZC8DS6OP4,379,jalex141,False,100,UTILITY,115,2481,83379,25763,0,31334,8924,0,50,372,161,1,0,23626,2731,1891,2,,3,0,69,0,8,27,True
1899767,CLASSIC,1616537002454,6,0,0,11203,13,111,Nautilus,0,2,552,1313,552,40892,8,0,1,0,False,False,False,False,False,False,9114,8700,UTILITY,0,,1,3860,3076,3111,3068,3001,1028,3364,21,1,5,BOTTOM,18,4,2,910,23732,9521,3286,0,0,1,,0,0,5,0,"{'statPerks': {'defense': 5001, 'flex': 5002, 'offense': 5005}, 'styles': [{'description': 'primaryStyle', 'selections': [{'perk': 8439, 'var1': 1120, 'var2': 0, 'var3': 0}, {'perk': 8401, 'var1': 413, 'var2': 0, 'var3': 0}, {'perk': 8429, 'var1': 62, 'var2': 18, 'var3': 18}, {'perk': 8453, 'var1': 97, 'var2': 414, 'var3': 0}], 'style': 8400}, {'description': 'subStyle', 'selections': [{'perk': 9111, 'var1': 456, 'var2': 220, 'var3': 0}, {'perk': 8299, 'var1': 611, 'var2': 0, 'var3': 0}], 'style': 8000}]}",11668,3100,17232,3582,95xDwQpz_rN6dWpctehzQ-nc9j_w3oTvvkxF5FW56RCMMuaHxzEdKkPoAPuqH4bPD7WnJWJJikdecQ,0,,,SUPPORT,0,31,27,27,10,5,14,2,4,fuyafo-AAcCQWs6nJOJbV7ZCV2vtaziuVrMFM7ZC8DS6OP4,379,jalex141,False,100,UTILITY,46,1899,45061,13227,0,24008,482,0,51,265,270,1,0,9660,605,3488,1,,8,0,56,0,8,22,False
2093368,CLASSIC,1616526680281,16,0,1,14590,15,111,Nautilus,0,2,689,4166,689,39406,1,0,0,0,False,True,False,False,False,False,10840,10200,UTILITY,1,,0,3860,3075,3111,3068,3001,0,3364,18,1,4,BOTTOM,15,3,1,1497,32047,8782,5446,0,0,0,,0,0,10,0,"{'statPerks': {'defense': 5001, 'flex': 5002, 'offense': 5005}, 'styles': [{'description': 'primaryStyle', 'selections': [{'perk': 8439, 'var1': 561, 'var2': 0, 'var3': 0}, {'perk': 8401, 'var1': 784, 'var2': 0, 'var3': 0}, {'perk': 8429, 'var1': 65, 'var2': 21, 'var3': 19}, {'perk': 8453, 'var1': 281, 'var2': 705, 'var3': 0}], 'style': 8400}, {'description': 'subStyle', 'selections': [{'perk': 9111, 'var1': 881, 'var2': 400, 'var3': 0}, {'perk': 8299, 'var1': 152, 'var2': 0, 'var3': 0}], 'style': 8000}]}",17750,3888,7947,3582,95xDwQpz_rN6dWpctehzQ-nc9j_w3oTvvkxF5FW56RCMMuaHxzEdKkPoAPuqH4bPD7WnJWJJikdecQ,0,,,SUPPORT,0,34,39,32,10,9,14,3,4,fuyafo-AAcCQWs6nJOJbV7ZCV2vtaziuVrMFM7ZC8DS6OP4,379,jalex141,False,200,UTILITY,62,2093,59108,13937,0,13627,2735,0,59,270,40,1,0,9309,1265,234,0,,1,0,48,0,6,18,True
2036687,CLASSIC,1616439302548,12,0,0,10364,13,99,Lux,0,2,135,2985,135,8898,8,0,0,0,False,False,False,False,False,False,9011,8400,UTILITY,0,,0,3853,3157,6655,3020,3916,0,3364,17,0,0,BOTTOM,0,0,0,462,46016,13591,2132,4,0,0,,0,0,10,0,"{'statPerks': {'defense': 5001, 'flex': 5008, 'offense': 5007}, 'styles': [{'description': 'primaryStyle', 'selections': [{'perk': 8229, 'var1': 1547, 'var2': 0, 'var3': 0}, {'perk': 8226, 'var1': 250, 'var2': 868, 'var3': 0}, {'perk': 8210, 'var1': 1, 'var2': 0, 'var3': 0}, {'perk': 8236, 'var1': 48, 'var2': 0, 'var3': 0}], 'style': 8200}, {'description': 'subStyle', 'selections': [{'perk': 8126, 'var1': 686, 'var2': 0, 'var3': 0}, {'perk': 8135, 'var1': 528, 'var2': 5, 'var3': 0}], 'style': 8100}]}",5322,827,10972,3582,95xDwQpz_rN6dWpctehzQ-nc9j_w3oTvvkxF5FW56RCMMuaHxzEdKkPoAPuqH4bPD7WnJWJJikdecQ,0,,,SUPPORT,0,64,22,142,10,5,14,4,4,fuyafo-AAcCQWs6nJOJbV7ZCV2vtaziuVrMFM7ZC8DS6OP4,378,jalex141,False,200,UTILITY,53,2036,52175,15255,987,13250,1222,0,42,260,215,1,0,836,836,146,0,,1,0,48,0,2,21,True
1244877,CLASSIC,1616355152473,11,0,2,7594,11,111,Nautilus,0,2,1660,1660,1660,8056,0,0,0,0,True,False,True,False,False,True,7334,6500,UTILITY,1,,0,3859,3068,3047,3076,1011,0,3364,16,1,2,BOTTOM,0,2,1,0,19625,3084,2551,1,0,0,,0,0,10,0,"{'statPerks': {'defense': 5001, 'flex': 5002, 'offense': 5005}, 'styles': [{'description': 'primaryStyle', 'selections': [{'perk': 8439, 'var1': 305, 'var2': 0, 'var3': 0}, {'perk': 8401, 'var1': 279, 'var2': 0, 'var3': 0}, {'perk': 8429, 'var1': 42, 'var2': 19, 'var3': 13}, {'perk': 8453, 'var1': 307, 'var2': 214, 'var3': 0}], 'style': 8400}, {'description': 'subStyle', 'selections': [{'perk': 9111, 'var1': 852, 'var2': 260, 'var3': 0}, {'perk': 8299, 'var1': 151, 'var2': 0, 'var3': 0}], 'style': 8000}]}",10009,2189,4185,3582,95xDwQpz_rN6dWpctehzQ-nc9j_w3oTvvkxF5FW56RCMMuaHxzEdKkPoAPuqH4bPD7WnJWJJikdecQ,0,,,SUPPORT,0,21,18,21,4,4,14,2,4,fuyafo-AAcCQWs6nJOJbV7ZCV2vtaziuVrMFM7ZC8DS6OP4,378,jalex141,False,200,UTILITY,32,1244,43526,5622,0,6772,1072,0,46,214,0,1,0,13891,348,36,1,,0,0,19,0,2,8,True
1592290,CLASSIC,1616175946646,21,0,2,9692,12,111,Nautilus,0,2,1083,7317,1083,27961,5,0,0,1,True,False,False,False,False,False,9404,7500,UTILITY,0,,0,3860,3068,3111,3075,0,0,3364,16,2,7,BOTTOM,13,4,1,797,21721,7633,2812,5,1,0,,0,0,10,0,"{'statPerks': {'defense': 5001, 'flex': 5002, 'offense': 5005}, 'styles': [{'description': 'primaryStyle', 'selections': [{'perk': 8439, 'var1': 669, 'var2': 0, 'var3': 0}, {'perk': 8401, 'var1': 435, 'var2': 0, 'var3': 0}, {'perk': 8429, 'var1': 54, 'var2': 19, 'var3': 14}, {'perk': 8453, 'var1': 328, 'var2': 345, 'var3': 0}], 'style': 8400}, {'description': 'subStyle', 'selections': [{'perk': 9111, 'var1': 1252, 'var2': 560, 'var3': 0}, {'perk': 8299, 'var1': 245, 'var2': 0, 'var3': 0}], 'style': 8000}]}",13120,4088,13597,3582,95xDwQpz_rN6dWpctehzQ-nc9j_w3oTvvkxF5FW56RCMMuaHxzEdKkPoAPuqH4bPD7WnJWJJikdecQ,0,,,SUPPORT,0,34,25,29,8,8,14,4,4,fuyafo-AAcCQWs6nJOJbV7ZCV2vtaziuVrMFM7ZC8DS6OP4,376,jalex141,False,200,UTILITY,67,1591,43829,12748,0,17543,2606,0,39,273,137,1,0,8987,1026,1134,0,,6,0,22,0,0,10,True
2484266,CLASSIC,1616173114641,20,0,2,22574,18,50,Swain,0,3,6035,11351,6035,27808,7,0,2,0,False,False,True,False,False,True,17832,16150,UTILITY,2,,0,3116,3157,3020,6653,3165,4637,3364,23,5,14,BOTTOM,0,5,2,786,149649,47306,17144,6,0,0,,0,0,10,0,"{'statPerks': {'defense': 5001, 'flex': 5002, 'offense': 5008}, 'styles': [{'description': 'primaryStyle', 'selections': [{'perk': 8010, 'var1': 1095, 'var2': 0, 'var3': 0}, {'perk': 9111, 'var1': 2428, 'var2': 680, 'var3': 0}, {'perk': 9103, 'var1': 22, 'var2': 50, 'var3': 0}, {'perk': 8299, 'var1': 1691, 'var2': 0, 'var3': 0}], 'style': 8000}, {'description': 'subStyle', 'selections': [{'perk': 8226, 'var1': 250, 'var2': 1827, 'var3': 0}, {'perk': 8237, 'var1': 898, 'var2': 0, 'var3': 0}], 'style': 8200}]}",7740,1732,21903,3582,95xDwQpz_rN6dWpctehzQ-nc9j_w3oTvvkxF5FW56RCMMuaHxzEdKkPoAPuqH4bPD7WnJWJJikdecQ,0,,,SUPPORT,0,134,86,109,26,9,14,4,4,fuyafo-AAcCQWs6nJOJbV7ZCV2vtaziuVrMFM7ZC8DS6OP4,376,jalex141,False,200,UTILITY,58,2484,159548,51197,0,41898,17284,0,84,345,269,1,0,2158,2158,2850,3,,5,0,50,0,4,18,True
1386819,CLASSIC,1615401112805,4,0,0,11000,13,78,Poppy,0,1,5083,5083,5083,19181,4,0,0,0,False,False,False,False,False,False,7691,7500,TOP,0,,1,1054,3047,3068,3075,0,0,3340,12,0,2,JUNGLE,15,0,1,720,18472,3206,2667,0,0,1,,0,0,6,0,"{'statPerks': {'defense': 5001, 'flex': 5002, 'offense': 5005}, 'styles': [{'description': 'primaryStyle', 'selections': [{'perk': 8437, 'var1': 761, 'var2': 571, 'var3': 0}, {'perk': 8446, 'var1': 2494, 'var2': 0, 'var3': 0}, {'perk': 8473, 'var1': 594, 'var2': 0, 'var3': 0}, {'perk': 8451, 'var1': 176, 'var2': 0, 'var3': 0}], 'style': 8400}, {'description': 'subStyle', 'selections': [{'perk': 9111, 'var1': 661, 'var2': 120, 'var3': 0}, {'perk': 8299, 'var1': 269, 'var2': 0, 'var3': 0}], 'style': 8000}]}",52934,7703,10092,3582,95xDwQpz_rN6dWpctehzQ-nc9j_w3oTvvkxF5FW56RCMMuaHxzEdKkPoAPuqH4bPD7WnJWJJikdecQ,0,,,NONE,0,66,13,12,5,2,12,3,4,fuyafo-AAcCQWs6nJOJbV7ZCV2vtaziuVrMFM7ZC8DS6OP4,372,jalex141,False,200,TOP,25,1386,85477,10910,0,13597,1113,0,127,322,121,1,0,14070,0,837,1,,6,0,10,0,2,5,False
1703188,CLASSIC,1614797492971,11,0,2,11518,14,50,Swain,0,2,2134,6498,2134,10541,5,0,0,0,False,False,False,False,False,False,9964,9250,UTILITY,0,,0,3853,3157,3020,6653,3916,1026,3364,19,2,6,BOTTOM,0,2,1,565,62945,18881,3668,0,0,0,,0,0,10,0,"{'statPerks': {'defense': 5001, 'flex': 5002, 'offense': 5008}, 'styles': [{'description': 'primaryStyle', 'selections': [{'perk': 8112, 'var1': 1367, 'var2': 0, 'var3': 0}, {'perk': 8126, 'var1': 775, 'var2': 0, 'var3': 0}, {'perk': 8138, 'var1': 30, 'var2': 0, 'var3': 0}, {'perk': 8135, 'var1': 1467, 'var2': 5, 'var3': 0}], 'style': 8100}, {'description': 'subStyle', 'selections': [{'perk': 8226, 'var1': 250, 'var2': 856, 'var3': 0}, {'perk': 8237, 'var1': 586, 'var2': 0, 'var3': 0}], 'style': 8200}]}",3574,1332,14265,3582,95xDwQpz_rN6dWpctehzQ-nc9j_w3oTvvkxF5FW56RCMMuaHxzEdKkPoAPuqH4bPD7WnJWJJikdecQ,0,,,SUPPORT,0,73,49,67,10,5,14,2,4,fuyafo-AAcCQWs6nJOJbV7ZCV2vtaziuVrMFM7ZC8DS6OP4,368,jalex141,False,200,UTILITY,47,1703,67817,21512,0,18715,6423,0,44,233,121,1,0,1297,1297,782,2,,0,0,43,0,2,20,True
1500640,CLASSIC,1614795348593,3,0,0,7726,11,50,Swain,0,2,817,1094,817,3340,4,0,0,0,False,False,False,False,False,True,6166,5650,UTILITY,0,,1,3853,2420,6656,3020,0,0,3364,15,0,2,BOTTOM,0,0,1,527,21546,5105,8939,0,0,0,,0,0,5,0,"{'statPerks': {'defense': 5001, 'flex': 5002, 'offense': 5008}, 'styles': [{'description': 'primaryStyle', 'selections': [{'perk': 8112, 'var1': 561, 'var2': 0, 'var3': 0}, {'perk': 8126, 'var1': 261, 'var2': 0, 'var3': 0}, {'perk': 8138, 'var1': 10, 'var2': 0, 'var3': 0}, {'perk': 8135, 'var1': 248, 'var2': 4, 'var3': 0}], 'style': 8100}, {'description': 'subStyle', 'selections': [{'perk': 8226, 'var1': 250, 'var2': 273, 'var3': 0}, {'perk': 8237, 'var1': 311, 'var2': 0, 'var3': 0}], 'style': 8200}]}",2630,537,4009,3582,95xDwQpz_rN6dWpctehzQ-nc9j_w3oTvvkxF5FW56RCMMuaHxzEdKkPoAPuqH4bPD7WnJWJJikdecQ,0,,,SUPPORT,0,33,27,47,5,3,14,4,4,fuyafo-AAcCQWs6nJOJbV7ZCV2vtaziuVrMFM7ZC8DS6OP4,368,jalex141,False,100,UTILITY,26,1500,24719,6186,0,13331,2285,0,22,182,66,1,0,543,543,382,0,,6,0,35,0,6,14,False
2704926,CLASSIC,1614713964949,8,0,0,15242,16,25,Morgana,0,2,1819,10761,1819,17871,8,0,0,0,False,False,False,False,False,False,12122,11000,UTILITY,0,,2,3853,3157,6653,3020,3165,1011,3364,21,0,3,BOTTOM,0,0,1,434,112865,34342,11224,4,0,1,,0,0,5,0,"{'statPerks': {'defense': 5001, 'flex': 5008, 'offense': 5008}, 'styles': [{'description': 'primaryStyle', 'selections': [{'perk': 8229, 'var1': 3160, 'var2': 0, 'var3': 0}, {'perk': 8226, 'var1': 250, 'var2': 1393, 'var3': 0}, {'perk': 8210, 'var1': 15, 'var2': 0, 'var3': 0}, {'perk': 8236, 'var1': 80, 'var2': 0, 'var3': 0}], 'style': 8200}, {'description': 'subStyle', 'selections': [{'perk': 8014, 'var1': 323, 'var2': 0, 'var3': 0}, {'perk': 8009, 'var1': 4386, 'var2': 0, 'var3': 0}], 'style': 8000}]}",7080,182,17064,3582,95xDwQpz_rN6dWpctehzQ-nc9j_w3oTvvkxF5FW56RCMMuaHxzEdKkPoAPuqH4bPD7WnJWJJikdecQ,0,,,SUPPORT,0,90,143,33,9,6,14,6,4,fuyafo-AAcCQWs6nJOJbV7ZCV2vtaziuVrMFM7ZC8DS6OP4,367,jalex141,False,100,UTILITY,95,2704,121124,35702,2952,29113,8513,0,82,122,296,1,0,1178,1178,824,1,,8,0,77,0,6,30,False
1907049,CLASSIC,1614541831467,14,0,2,11548,14,101,Xerath,0,2,542,2674,542,5271,7,0,0,0,False,False,False,False,False,True,8418,6050,UTILITY,1,,0,3853,3020,6655,3145,0,0,3364,14,1,3,BOTTOM,0,2,1,469,51700,20483,3372,0,0,0,,0,0,10,0,"{'statPerks': {'defense': 5001, 'flex': 5008, 'offense': 5008}, 'styles': [{'description': 'primaryStyle', 'selections': [{'perk': 8229, 'var1': 2177, 'var2': 0, 'var3': 0}, {'perk': 8226, 'var1': 250, 'var2': 676, 'var3': 0}, {'perk': 8210, 'var1': 9, 'var2': 0, 'var3': 0}, {'perk': 8236, 'var1': 48, 'var2': 0, 'var3': 0}], 'style': 8200}, {'description': 'subStyle', 'selections': [{'perk': 8009, 'var1': 2917, 'var2': 0, 'var3': 0}, {'perk': 8017, 'var1': 1474, 'var2': 0, 'var3': 0}], 'style': 8000}]}",2189,338,10765,3582,95xDwQpz_rN6dWpctehzQ-nc9j_w3oTvvkxF5FW56RCMMuaHxzEdKkPoAPuqH4bPD7WnJWJJikdecQ,0,,,SUPPORT,0,80,49,39,27,5,3,5,4,fuyafo-AAcCQWs6nJOJbV7ZCV2vtaziuVrMFM7ZC8DS6OP4,367,jalex141,False,200,UTILITY,41,1906,55585,20821,0,14525,828,0,30,201,213,1,0,1695,0,388,0,,2,0,40,0,3,19,True
2105162,CLASSIC,1614539295652,23,1,0,14016,15,50,Swain,0,2,1623,6679,1623,14214,8,0,0,0,False,False,False,False,False,False,11480,11000,UTILITY,0,,1,3853,3157,6653,3020,3165,1011,3364,21,2,4,BOTTOM,0,2,1,635,84339,32148,15697,6,0,1,,0,0,5,0,"{'statPerks': {'defense': 5001, 'flex': 5002, 'offense': 5008}, 'styles': [{'description': 'primaryStyle', 'selections': [{'perk': 8112, 'var1': 1571, 'var2': 0, 'var3': 0}, {'perk': 8126, 'var1': 1007, 'var2': 0, 'var3': 0}, {'perk': 8138, 'var1': 30, 'var2': 0, 'var3': 0}, {'perk': 8135, 'var1': 1972, 'var2': 5, 'var3': 0}], 'style': 8100}, {'description': 'subStyle', 'selections': [{'perk': 8226, 'var1': 250, 'var2': 741, 'var3': 0}, {'perk': 8237, 'var1': 673, 'var2': 0, 'var3': 0}], 'style': 8200}]}",4811,1519,11015,3582,95xDwQpz_rN6dWpctehzQ-nc9j_w3oTvvkxF5FW56RCMMuaHxzEdKkPoAPuqH4bPD7WnJWJJikdecQ,0,,,SUPPORT,0,77,56,79,21,8,14,4,4,fuyafo-AAcCQWs6nJOJbV7ZCV2vtaziuVrMFM7ZC8DS6OP4,367,jalex141,False,100,UTILITY,47,2104,97508,36106,0,27990,7372,0,41,232,228,1,0,8357,2439,1277,1,,7,0,50,0,2,23,False
2066762,CLASSIC,1614468632026,7,0,0,14273,15,115,Ziggs,0,2,7588,10031,7588,9530,5,0,0,0,True,False,False,True,False,False,13157,11150,UTILITY,0,,4,3853,3157,3020,6655,3165,3145,3364,19,2,10,BOTTOM,0,4,1,753,123141,35790,5686,0,0,1,,0,0,5,0,"{'statPerks': {'defense': 5001, 'flex': 5008, 'offense': 5008}, 'styles': [{'description': 'primaryStyle', 'selections': [{'perk': 8229, 'var1': 2083, 'var2': 0, 'var3': 0}, {'perk': 8226, 'var1': 250, 'var2': 1232, 'var3': 0}, {'perk': 8210, 'var1': 6, 'var2': 0, 'var3': 0}, {'perk': 8236, 'var1': 48, 'var2': 0, 'var3': 0}], 'style': 8200}, {'description': 'subStyle', 'selections': [{'perk': 8446, 'var1': 784, 'var2': 0, 'var3': 0}, {'perk': 8444, 'var1': 907, 'var2': 0, 'var3': 0}], 'style': 8400}]}",5777,608,11884,3582,95xDwQpz_rN6dWpctehzQ-nc9j_w3oTvvkxF5FW56RCMMuaHxzEdKkPoAPuqH4bPD7WnJWJJikdecQ,0,,,SUPPORT,0,145,130,44,12,5,14,4,4,fuyafo-AAcCQWs6nJOJbV7ZCV2vtaziuVrMFM7ZC8DS6OP4,367,jalex141,False,100,UTILITY,26,2066,134474,36954,0,18518,2766,0,91,208,132,1,0,5555,555,946,1,,11,0,55,0,3,24,False
2196552,CLASSIC,1614106958663,11,0,0,15518,16,432,Bard,0,2,1476,4553,1476,11940,6,0,1,1,False,False,False,False,False,False,10546,10200,UTILITY,0,,0,3853,3742,3117,4005,3094,3916,3364,20,1,3,BOTTOM,173,3,2,629,64578,13993,7661,10,0,0,,0,0,10,0,"{'statPerks': {'defense': 5001, 'flex': 5008, 'offense': 5005}, 'styles': [{'description': 'primaryStyle', 'selections': [{'perk': 9923, 'var1': 44, 'var2': 69, 'var3': 0}, {'perk': 8126, 'var1': 540, 'var2': 0, 'var3': 0}, {'perk': 8138, 'var1': 30, 'var2': 0, 'var3': 0}, {'perk': 8105, 'var1': 13, 'var2': 5, 'var3': 0}], 'style': 8100}, {'description': 'subStyle', 'selections': [{'perk': 8226, 'var1': 250, 'var2': 346, 'var3': 0}, {'perk': 8237, 'var1': 491, 'var2': 0, 'var3': 0}], 'style': 8200}]}",15177,1783,12515,3582,95xDwQpz_rN6dWpctehzQ-nc9j_w3oTvvkxF5FW56RCMMuaHxzEdKkPoAPuqH4bPD7WnJWJJikdecQ,0,,,SUPPORT,0,96,68,21,12,2,14,4,4,fuyafo-AAcCQWs6nJOJbV7ZCV2vtaziuVrMFM7ZC8DS6OP4,366,jalex141,False,200,UTILITY,42,2195,80414,16435,0,20177,6800,2053,62,422,156,5,0,658,658,0,0,,4,0,55,0,2,23,True
1237017,CLASSIC,1614076005543,0,0,1,11032,13,83,Yorick,0,1,15112,21589,15112,5898,1,0,0,1,False,False,False,True,False,False,9271,8150,TOP,1,,0,2033,6632,3047,3742,1036,0,3340,15,1,3,TOP,0,2,1,771,14582,1220,2748,9,1,0,,0,0,5,0,"{'statPerks': {'defense': 5001, 'flex': 5002, 'offense': 5005}, 'styles': [{'description': 'primaryStyle', 'selections': [{'perk': 8010, 'var1': 57, 'var2': 0, 'var3': 0}, {'perk': 9111, 'var1': 224, 'var2': 60, 'var3': 0}, {'perk': 9105, 'var1': 0, 'var2': 0, 'var3': 0}, {'perk': 8299, 'var1': 150, 'var2': 0, 'var3': 0}], 'style': 8000}, {'description': 'subStyle', 'selections': [{'perk': 8453, 'var1': 354, 'var2': 0, 'var3': 0}, {'perk': 8473, 'var1': 292, 'var2': 0, 'var3': 0}], 'style': 8400}]}",85463,3482,5323,3582,95xDwQpz_rN6dWpctehzQ-nc9j_w3oTvvkxF5FW56RCMMuaHxzEdKkPoAPuqH4bPD7WnJWJJikdecQ,0,,,SOLO,0,99,12,21,4,2,12,1,4,fuyafo-AAcCQWs6nJOJbV7ZCV2vtaziuVrMFM7ZC8DS6OP4,366,jalex141,False,100,TOP,2,1236,101885,4703,0,8126,2182,0,140,71,32,1,0,1839,0,54,7,,0,0,8,0,1,4,True
2714905,CLASSIC,1614068984494,25,1,4,20999,18,25,Morgana,0,2,3099,16893,3099,22866,8,0,0,0,False,False,False,False,False,False,15274,13100,UTILITY,0,,0,3853,3157,6653,3020,3165,4637,3364,23,2,8,BOTTOM,0,4,1,788,99155,36215,10961,12,0,0,,0,0,10,0,"{'statPerks': {'defense': 5001, 'flex': 5008, 'offense': 5008}, 'styles': [{'description': 'primaryStyle', 'selections': [{'perk': 8229, 'var1': 3066, 'var2': 0, 'var3': 0}, {'perk': 8226, 'var1': 250, 'var2': 895, 'var3': 0}, {'perk': 8210, 'var1': 65, 'var2': 0, 'var3': 0}, {'perk': 8236, 'var1': 80, 'var2': 0, 'var3': 0}], 'style': 8200}, {'description': 'subStyle', 'selections': [{'perk': 8009, 'var1': 9654, 'var2': 0, 'var3': 0}, {'perk': 8017, 'var1': 2118, 'var2': 0, 'var3': 0}], 'style': 8000}]}",8003,1418,19573,3582,95xDwQpz_rN6dWpctehzQ-nc9j_w3oTvvkxF5FW56RCMMuaHxzEdKkPoAPuqH4bPD7WnJWJJikdecQ,0,,,SUPPORT,0,96,119,41,17,8,14,5,4,fuyafo-AAcCQWs6nJOJbV7ZCV2vtaziuVrMFM7ZC8DS6OP4,366,jalex141,False,200,UTILITY,103,2714,116480,40649,4218,31203,8648,0,62,179,327,1,0,9320,3015,668,1,,2,0,71,0,7,27,True
1509333,CLASSIC,1614010039508,9,0,7,9258,12,25,Morgana,0,3,634,2562,634,5950,1,0,2,0,False,False,False,False,False,False,9421,8450,UTILITY,0,,0,3853,3157,3020,6653,3916,0,3364,17,2,10,BOTTOM,0,7,2,946,39244,18393,3067,0,0,0,,0,0,5,0,"{'statPerks': {'defense': 5001, 'flex': 5008, 'offense': 5008}, 'styles': [{'description': 'primaryStyle', 'selections': [{'perk': 8229, 'var1': 1992, 'var2': 0, 'var3': 0}, {'perk': 8226, 'var1': 250, 'var2': 468, 'var3': 0}, {'perk': 8210, 'var1': 9, 'var2': 0, 'var3': 0}, {'perk': 8236, 'var1': 24, 'var2': 0, 'var3': 0}], 'style': 8200}, {'description': 'subStyle', 'selections': [{'perk': 8009, 'var1': 4669, 'var2': 0, 'var3': 0}, {'perk': 8017, 'var1': 708, 'var2': 0, 'var3': 0}], 'style': 8000}]}",2797,407,7332,3582,95xDwQpz_rN6dWpctehzQ-nc9j_w3oTvvkxF5FW56RCMMuaHxzEdKkPoAPuqH4bPD7WnJWJJikdecQ,0,,,SUPPORT,0,51,80,19,7,4,14,2,4,fuyafo-AAcCQWs6nJOJbV7ZCV2vtaziuVrMFM7ZC8DS6OP4,365,jalex141,False,100,UTILITY,51,1509,42440,19198,633,10830,2543,0,22,79,30,1,0,398,398,430,0,,2,0,37,0,7,16,True
2404511,CLASSIC,1613982182108,20,0,1,21775,18,111,Nautilus,0,3,193,1833,193,79636,11,0,0,0,False,False,False,False,False,True,13892,11750,UTILITY,0,,3,3860,3111,3068,3075,3001,3105,3364,25,1,7,BOTTOM,28,2,1,663,83884,20590,10656,4,0,1,,0,0,10,0,"{'statPerks': {'defense': 5001, 'flex': 5002, 'offense': 5005}, 'styles': [{'description': 'primaryStyle', 'selections': [{'perk': 8439, 'var1': 2190, 'var2': 0, 'var3': 0}, {'perk': 8401, 'var1': 982, 'var2': 0, 'var3': 0}, {'perk': 8444, 'var1': 1300, 'var2': 0, 'var3': 0}, {'perk': 8453, 'var1': 287, 'var2': 1302, 'var3': 0}], 'style': 8400}, {'description': 'subStyle', 'selections': [{'perk': 8299, 'var1': 625, 'var2': 0, 'var3': 0}, {'perk': 9105, 'var1': 17, 'var2': 50, 'var3': 0}], 'style': 8000}]}",32086,5767,23589,3582,95xDwQpz_rN6dWpctehzQ-nc9j_w3oTvvkxF5FW56RCMMuaHxzEdKkPoAPuqH4bPD7WnJWJJikdecQ,0,,,SUPPORT,0,43,50,59,15,9,14,3,4,fuyafo-AAcCQWs6nJOJbV7ZCV2vtaziuVrMFM7ZC8DS6OP4,365,jalex141,False,200,UTILITY,108,2404,122600,28045,0,37008,828,0,104,636,388,1,0,6629,1688,2762,0,,10,0,46,0,5,16,False
2193262,CLASSIC,1613754866508,7,0,0,12884,14,57,Maokai,0,2,1868,2615,1868,37588,9,0,0,0,False,False,False,False,False,True,13151,10600,UTILITY,0,,2,3860,4637,4005,3047,3075,3916,3364,20,3,9,MIDDLE,17,2,1,373,56319,25249,12955,0,0,1,,0,0,5,0,"{'statPerks': {'defense': 5001, 'flex': 5002, 'offense': 5008}, 'styles': [{'description': 'primaryStyle', 'selections': [{'perk': 8439, 'var1': 879, 'var2': 0, 'var3': 0}, {'perk': 8446, 'var1': 1242, 'var2': 0, 'var3': 0}, {'perk': 8429, 'var1': 67, 'var2': 19, 'var3': 12}, {'perk': 8453, 'var1': 1137, 'var2': 0, 'var3': 0}], 'style': 8400}, {'description': 'subStyle', 'selections': [{'perk': 8226, 'var1': 250, 'var2': 904, 'var3': 0}, {'perk': 8210, 'var1': 15, 'var2': 0, 'var3': 0}], 'style': 8200}]}",14388,2504,21149,3582,95xDwQpz_rN6dWpctehzQ-nc9j_w3oTvvkxF5FW56RCMMuaHxzEdKkPoAPuqH4bPD7WnJWJJikdecQ,0,,,SUPPORT,0,56,32,102,13,9,14,5,4,fuyafo-AAcCQWs6nJOJbV7ZCV2vtaziuVrMFM7ZC8DS6OP4,364,jalex141,False,100,UTILITY,91,2192,78614,28991,0,38873,11843,0,58,463,248,1,0,7906,1238,4768,1,,10,0,47,0,10,15,False
2099666,CLASSIC,1613659769755,14,0,0,14558,15,111,Nautilus,0,2,901,1956,901,44164,7,0,1,0,False,False,False,False,False,False,9530,8700,UTILITY,0,,2,3860,3068,3111,3001,3076,1028,3364,24,1,3,BOTTOM,0,2,2,636,39051,12247,6659,0,0,1,,0,0,5,0,"{'statPerks': {'defense': 5001, 'flex': 5002, 'offense': 5005}, 'styles': [{'description': 'primaryStyle', 'selections': [{'perk': 8439, 'var1': 828, 'var2': 0, 'var3': 0}, {'perk': 8401, 'var1': 799, 'var2': 0, 'var3': 0}, {'perk': 8429, 'var1': 65, 'var2': 18, 'var3': 18}, {'perk': 8453, 'var1': 348, 'var2': 710, 'var3': 0}], 'style': 8400}, {'description': 'subStyle', 'selections': [{'perk': 8299, 'var1': 350, 'var2': 0, 'var3': 0}, {'perk': 9105, 'var1': 20, 'var2': 50, 'var3': 0}], 'style': 8000}]}",19037,4494,14196,3582,95xDwQpz_rN6dWpctehzQ-nc9j_w3oTvvkxF5FW56RCMMuaHxzEdKkPoAPuqH4bPD7WnJWJJikdecQ,0,,,SUPPORT,0,37,43,43,10,8,14,4,4,fuyafo-AAcCQWs6nJOJbV7ZCV2vtaziuVrMFM7ZC8DS6OP4,364,jalex141,False,100,UTILITY,81,2099,65621,17960,0,23381,1471,0,69,395,162,1,0,7531,1219,2524,0,,9,0,59,0,5,22,False
1159297,CLASSIC,1613658154937,5,0,0,5614,9,111,Nautilus,0,2,285,285,285,16138,9,0,0,0,False,False,False,False,False,False,4732,3750,UTILITY,0,,1,3859,3047,1029,6660,1029,1033,3340,12,0,1,NONE,0,0,1,167,7301,2653,3029,0,0,1,,0,0,10,0,"{'statPerks': {'defense': 5001, 'flex': 5002, 'offense': 5005}, 'styles': [{'description': 'primaryStyle', 'selections': [{'perk': 8439, 'var1': 382, 'var2': 0, 'var3': 0}, {'perk': 8401, 'var1': 195, 'var2': 0, 'var3': 0}, {'perk': 8429, 'var1': 37, 'var2': 16, 'var3': 13}, {'perk': 8453, 'var1': 30, 'var2': 285, 'var3': 0}], 'style': 8400}, {'description': 'subStyle', 'selections': [{'perk': 8299, 'var1': 124, 'var2': 0, 'var3': 0}, {'perk': 9105, 'var1': 0, 'var2': 0, 'var3': 0}], 'style': 8000}]}",7015,1417,7997,3582,95xDwQpz_rN6dWpctehzQ-nc9j_w3oTvvkxF5FW56RCMMuaHxzEdKkPoAPuqH4bPD7WnJWJJikdecQ,0,,,SUPPORT,0,18,20,12,4,3,14,2,4,fuyafo-AAcCQWs6nJOJbV7ZCV2vtaziuVrMFM7ZC8DS6OP4,364,jalex141,False,200,UTILITY,28,1158,17472,4431,0,11506,0,0,28,164,113,0,0,3155,361,480,0,,7,0,8,0,1,5,False
1866351,CLASSIC,1613563376263,16,0,0,12238,14,37814848,Swain,0,3,1946,8234,1946,8232,4,0,0,1,False,False,False,True,False,False,10332,8850,UTILITY,0,,0,3853,6656,3157,3916,3020,1028,3364,20,2,4,BOTTOM,0,2,1,801,50300,14892,6335,4,0,0,,0,0,10,0,"{'statPerks': {'defense': 5001, 'flex': 5008, 'offense': 5005}, 'styles': [{'description': 'primaryStyle', 'selections': [{'perk': 8112, 'var1': 1326, 'var2': 0, 'var3': 0}, {'perk': 8126, 'var1': 921, 'var2': 0, 'var3': 0}, {'perk': 8138, 'var1': 30, 'var2': 0, 'var3': 0}, {'perk': 8106, 'var1': 5, 'var2': 0, 'var3': 0}], 'style': 8100}, {'description': 'subStyle', 'selections': [{'perk': 8226, 'var1': 250, 'var2': 1174, 'var3': 0}, {'perk': 8237, 'var1': 598, 'var2': 0, 'var3': 0}], 'style': 8200}]}",6699,1117,13138,3582,95xDwQpz_rN6dWpctehzQ-nc9j_w3oTvvkxF5FW56RCMMuaHxzEdKkPoAPuqH4bPD7WnJWJJikdecQ,0,,,SUPPORT,0,87,52,76,12,4,104222500,2,105475752,fuyafo-AAcCQWs6nJOJbV7ZCV2vtaziuVrMFM7ZC8DS6OP4,363,jalex141,False,200,UTILITY,48,1866,58094,17104,0,20396,6845,0,31,221,125,1,0,1094,1094,922,2,,1,0,45,0,3,17,True
1672782,CLASSIC,1613561077177,16,0,0,13723,15,37814848,Morgana,0,2,3570,7594,3570,4417,1,0,0,0,True,False,False,True,False,False,10487,8035,UTILITY,0,,0,3853,3157,6653,1052,3020,0,3364,18,1,6,BOTTOM,0,6,1,1653,78693,14221,3965,3,0,0,,0,0,10,0,"{'statPerks': {'defense': 5001, 'flex': 5008, 'offense': 5008}, 'styles': [{'description': 'primaryStyle', 'selections': [{'perk': 8229, 'var1': 1688, 'var2': 0, 'var3': 0}, {'perk': 8226, 'var1': 250, 'var2': 674, 'var3': 0}, {'perk': 8210, 'var1': 23, 'var2': 0, 'var3': 0}, {'perk': 8237, 'var1': 658, 'var2': 0, 'var3': 0}], 'style': 8200}, {'description': 'subStyle', 'selections': [{'perk': 8009, 'var1': 5397, 'var2': 0, 'var3': 0}, {'perk': 8299, 'var1': 156, 'var2': 0, 'var3': 0}], 'style': 8000}]}",8905,986,5217,3582,95xDwQpz_rN6dWpctehzQ-nc9j_w3oTvvkxF5FW56RCMMuaHxzEdKkPoAPuqH4bPD7WnJWJJikdecQ,0,,,SUPPORT,0,49,84,19,8,5,104222500,2,105475752,fuyafo-AAcCQWs6nJOJbV7ZCV2vtaziuVrMFM7ZC8DS6OP4,363,jalex141,False,200,UTILITY,35,1672,88744,15777,182,9614,2857,0,83,73,0,1,0,1146,570,431,1,,0,0,50,0,5,19,True
